{
    "trigonal_planar_squeezed": [
        2.0689623112084776,
        -21.89206535929905,
        231.64391303768363,
        0.019769601326736545,
        -0.14476799259725404,
        1.060100875797387,
        0.3227510575174431,
        -9.831014799268411,
        -3.4150874608381314,
        104.02375015140316,
        0.0,
        0.0,
        0.0,
        0.0,
        0.05034806316398454,
        -1.5336047475317163,
        46.7136841787041,
        0.0,
        0.0,
        0.0
    ],
    "bent": [
        0.9195325062690249,
        -9.729806708813697,
        102.95355296898983,
        0.11473292944971124,
        -0.8401592111625711,
        6.152265992747246,
        0.2151666347437954,
        -6.553987419113915,
        -2.2767327440521705,
        69.34940344710165,
        0.0,
        0.0,
        0.0,
        0.0,
        0.05034806316398454,
        -1.5336047475317163,
        46.7136841787041,
        0.0,
        0.0,
        0.0
    ],
    "trigonal_pyramidal": [
        2.06895800709349,
        -21.89206527907806,
        231.64439323574854,
        0.11522824310224565,
        -0.8437849755116488,
        6.178807085258826,
        0.32275072180364617,
        -9.831004573407862,
        -3.415091000576169,
        104.02385797201667,
        0.0,
        0.0,
        0.0,
        0.0,
        0.05034806316398454,
        -1.5336047475317163,
        46.7136841787041,
        0.0,
        0.0,
        0.0
    ],
    "octahedral": [
        8.27583420249079,
        -87.568261157187,
        926.5773303898956,
        0.0,
        0.0,
        0.0,
        0.6455015283960759,
        -19.66201172948669,
        -6.830181107173267,
        208.04768871338212,
        0.0,
        0.0,
        0.0,
        0.0,
        0.05034806316398454,
        -1.5336047475317163,
        46.7136841787041,
        0.0,
        0.0,
        0.0
    ],
    "rectangular_seesaw": [
        3.678148534440353,
        -38.91922718097202,
        411.81214683995375,
        0.23045513165649026,
        -1.6875598901779933,
        12.35753945884137,
        0.4303343522640507,
        -13.108007819657798,
        -4.553454071448845,
        138.69845914225476,
        0.0,
        0.0,
        0.0,
        0.0,
        0.05034806316398454,
        -1.5336047475317163,
        46.7136841787041,
        0.0,
        0.0,
        0.0
    ],
    "linear_cn1": [
        0.22988428340252207,
        -2.4324516988107514,
        25.73825917749711,
        0.11522756582824513,
        -0.8437799450889967,
        6.178769729420685,
        0.10758358806601268,
        -3.2770019549144496,
        -1.1383635178622113,
        34.67461478556369,
        0.0,
        0.0,
        0.0,
        0.0,
        0.05034806316398454,
        -1.5336047475317163,
        46.7136841787041,
        0.0,
        0.0,
        0.0
    ],
    "pentagonal_bipyramidal": [
        11.264366373602865,
        -119.19013392074123,
        1261.1706289432773,
        2.5575682576824293e-13,
        -4.681310260365136e-12,
        8.568555575387898e-11,
        0.7530863361397686,
        -22.939050835849738,
        -7.968531764798219,
        242.72191177541814,
        0.0,
        0.0,
        0.0,
        0.0,
        0.05034806316398454,
        -1.5336047475317163,
        46.7136841787041,
        0.0,
        0.0,
        0.0
    ],
    "linear_cn2": [
        0.9195371336100883,
        -9.729806795243006,
        102.95303670998844,
        0.0,
        0.0,
        0.0,
        0.21516717613202535,
        -6.554003909828899,
        -2.2767270357244227,
        69.34922957112738,
        0.0,
        0.0,
        0.0,
        0.0,
        0.05034806316398454,
        -1.5336047475317163,
        46.7136841787041,
        0.0,
        0.0,
        0.0
    ],
    "tetrahedral": [
        3.6781509851293728,
        -38.91922722649401,
        411.81187341992563,
        2.8030631045725414e-13,
        -5.130680000959681e-12,
        9.391111184525959e-11,
        0.4303344956263274,
        -13.108012186480561,
        -4.553452559830313,
        138.69841309827186,
        0.0,
        0.0,
        0.0,
        0.0,
        0.05034806316398454,
        -1.5336047475317163,
        46.7136841787041,
        0.0,
        0.0,
        0.0
    ],
    "seesaw": [
        3.6781529188876543,
        -38.91922726260701,
        411.81165767749803,
        0.11522836589565653,
        -0.8437851600129279,
        6.178803202884987,
        0.4303346087487616,
        -13.10801563219607,
        -4.553451367085395,
        138.6983767671967,
        0.0,
        0.0,
        0.0,
        0.0,
        0.05034806316398454,
        -1.5336047475317163,
        46.7136841787041,
        0.0,
        0.0,
        0.0
    ],
    "trigonal_bipyramidal": [
        5.747118046183272,
        -60.81129267433565,
        643.4552565315067,
        1.1929972976514964e-13,
        -2.1836355904368135e-12,
        3.9968777810385774e-11,
        0.5379184532994855,
        -16.3850253996488,
        -5.691812180584157,
        173.37290917770235,
        0.0,
        0.0,
        0.0,
        0.0,
        0.05034806316398454,
        -1.5336047475317163,
        46.7136841787041,
        0.0,
        0.0,
        0.0
    ],
    "t_shaped": [
        2.068961838958505,
        -21.892065350519587,
        231.64396572566864,
        0.11522824864968659,
        -0.8437836577108302,
        6.17878748799159,
        0.32275102068274925,
        -9.831013677281627,
        -3.415087849223184,
        104.02376198163303,
        0.0,
        0.0,
        0.0,
        0.0,
        0.05034806316398454,
        -1.5336047475317163,
        46.7136841787041,
        0.0,
        0.0,
        0.0
    ],
    "square_pyramidal": [
        5.74710708506305,
        -60.81129247026877,
        643.4564794374276,
        0.11522756582824513,
        -0.8437799450889967,
        6.178769729420685,
        0.5379179403300632,
        -16.385009774572246,
        -5.691817589311056,
        173.37307392781844,
        0.0,
        0.0,
        0.0,
        0.0,
        0.05034806316398454,
        -1.5336047475317163,
        46.7136841787041,
        0.0,
        0.0,
        0.0
    ],
    "ferrocene": [
        3.678145677892137,
        -38.91922712760331,
        411.81246553508385,
        0.1308444481150879,
        -0.9581384262591296,
        7.016187978183922,
        0.4303341851594526,
        -13.108002729642635,
        -4.553455833372781,
        138.69851281055386,
        0.0,
        0.0,
        0.0,
        0.0,
        0.05034806316398454,
        -1.5336047475317163,
        46.7136841787041,
        0.0,
        0.0,
        0.0
    ],
    "trigonal_planar": [
        2.0689567870909076,
        -21.89206525640731,
        231.6445293498234,
        3.3566430741579703e-08,
        -2.4561155693735627e-07,
        1.7971835422604477e-06,
        0.32275062664541415,
        -9.831001674882932,
        -3.4150920039285,
        104.02388853418334,
        0.0,
        0.0,
        0.0,
        0.0,
        0.05034806316398454,
        -1.5336047475317163,
        46.7136841787041,
        0.0,
        0.0,
        0.0
    ],
    "square_planar": [
        3.678148534440353,
        -38.91922718097202,
        411.81214683995375,
        0.0,
        0.0,
        0.0,
        0.4303343522640507,
        -13.108007819657798,
        -4.553454071448845,
        138.69845914225476,
        0.0,
        0.0,
        0.0,
        0.0,
        0.05034806316398454,
        -1.5336047475317163,
        46.7136841787041,
        0.0,
        0.0,
        0.0
    ],