query	target_db	target	hit_evalue	di_evalue	q_from	q_to	qlen	t_from	t_to	tlen	q_cov	t_cov	t_description
NC_022750.1_CDS_0004	Virulence	VF0987	1.343527134834347e-83	1.517456251482856e-83	10	258	258	6	212	212	0.96	0.97	Sb-CDT (VF0987)
NC_022750.1_CDS_0002	Virulence	VF0987	3.293471903343834e-74	3.727522485320415e-74	1	181	181	1	189	212	0.99	0.89	Sb-CDT (VF0987)
NC_022750.1_CDS_0003	Virulence	VF0987	3.405393783539582e-73	3.8174467962292116e-73	1	269	269	1	212	212	1.0	1.0	Sb-CDT (VF0987)
